location_city,location_state,count
Cleveland,Ohio,14952
Chicago,Illinois,316
Philadelphia,Pennsylvania,289
Cincinnati,Ohio,257
Pittsburgh,Pennsylvania,252
Louisville,Kentucky,188
Detroit,Michigan,184
Dayton,Ohio,182
Indianapolis,Indiana,175
Lexington,Kentucky,167
Columbus,Ohio,156
Milwaukee,Wisconsin,145
Springfield,Illinois,138
"Fort Wayne",Indiana,130
Madison,Wisconsin,123
Akron,Ohio,120
Toledo,Ohio,119
Peoria,Illinois,116
Evansville,Indiana,102
Erie,Pennsylvania,102
Lansing,Michigan,89
Harrisburg,Pennsylvania,84
"Grand Rapids",Michigan,78
Canton,Ohio,71
"South Bend",Indiana,58
Flint,Michigan,46
"Wilkes Barre",Pennsylvania,43
Youngstown,Ohio,42
Kalamazoo,Michigan,40
Lancaster,Pennsylvania,34
Rockford,Illinois,34
Scranton,Pennsylvania,33
"Terre Haute",Indiana,31
"Carol Stream",Illinois,27
Reading,Pennsylvania,27
Warren,Ohio,27
"Green Bay",Wisconsin,26
Gary,Indiana,25
Saginaw,Michigan,23
Farmington,Michigan,22
Mansfield,Ohio,21
Aurora,Illinois,20
Anderson,Indiana,20
Crawfordsville,Indiana,19
Levittown,Pennsylvania,19
"Ann Arbor",Michigan,19
Southfield,Michigan,19
Lima,Ohio,18
Allentown,Pennsylvania,18
Bloomington,Indiana,18
Racine,Wisconsin,18
Schaumburg,Illinois,17
Appleton,Wisconsin,17
"New Castle",Pennsylvania,17
"Valley Forge",Pennsylvania,17
Lafayette,Indiana,16
Palatine,Illinois,16
Warren,Michigan,16
"East Saint Louis",Illinois,15
Midland,Michigan,15
Champaign,Illinois,15
Muskegon,Michigan,15
"Battle Creek",Michigan,15
Muncie,Indiana,15
Bethlehem,Pennsylvania,14
Dearborn,Michigan,14
Joliet,Illinois,14
Evanston,Illinois,14
York,Pennsylvania,13
Naperville,Illinois,13
Hamilton,Ohio,13
Springfield,Ohio,13
Troy,Michigan,12
"Mc Keesport",Pennsylvania,12
Decatur,Illinois,11
London,Kentucky,11
Bloomington,Illinois,10
Jeffersonville,Indiana,9
Johnstown,Pennsylvania,9
Frankfort,Kentucky,9
